City_ID,City,Country,Latitude,Longitude,Max Temp,Humidity,Cloudiness,Wind Speed
0,Kapaa,US,22.08,-159.32,80.6,61,40,10.29
1,Newala,TZ,-10.94,39.28,64.76,100,41,4.14
2,Tuktoyaktuk,CA,69.45,-133.04,30.2,80,90,8.05
3,Busselton,AU,-33.65,115.33,48.0,98,68,25.5
4,Yerofey pavlovich,RU,53.97,121.97,43.09,57,1,0.69
5,Rajpipla,IN,21.87,73.5,81.86,66,0,4.09
6,Saldanha,ZA,-33.01,17.94,59.0,87,96,4.7
7,Calvinia,ZA,-31.47,19.78,59.54,33,91,2.71
8,Cape town,ZA,-33.93,18.42,64.99,88,93,9.17
9,Durban,ZA,-29.86,31.03,64.99,82,40,3.36
10,Ushuaia,AR,-54.8,-68.3,42.8,60,97,5.82
11,Khatanga,RU,71.97,102.5,-1.66,89,0,8.57
12,Talnakh,RU,69.49,88.4,17.6,85,100,11.18
13,Muros,ES,42.78,-9.06,61.0,86,82,10.0
14,Albany,US,42.6,-73.97,59.0,21,81,7.0
15,Mataura,NZ,-46.19,168.86,47.3,83,93,4.45
16,Vaini,TO,-21.2,-175.2,78.8,83,75,6.93
17,Buluang,PH,13.31,123.34,79.74,85,100,4.7
18,Kavieng,PG,-2.57,150.8,82.74,79,100,5.17
19,Hobart,AU,-42.88,147.33,55.99,66,75,8.05
20,Fortuna,US,40.6,-124.16,60.01,87,75,19.46
21,Puerto ayora,EC,-0.74,-90.35,82.4,74,40,17.22
22,Ribeira grande,PT,38.52,-28.7,61.18,84,83,13.42
23,Bluff,NZ,-46.6,168.33,53.2,77,99,25.57
24,Rikitea,PF,-23.12,-134.97,73.2,62,100,9.06
25,Mar del plata,AR,-38.0,-57.56,54.0,66,90,16.11
26,Carnarvon,AU,-24.87,113.63,69.44,77,9,15.59
27,Souillac,MU,-20.52,57.52,73.4,94,75,3.36
28,Jerusalem,IL,31.77,35.22,57.0,94,42,11.01
29,Bima,ID,-8.47,118.72,75.56,89,24,3.53
30,Avarua,CK,-21.21,-159.78,82.4,74,66,3.36
31,Iqaluit,CA,63.75,-68.51,19.4,67,5,10.29
32,Saint-philippe,RE,-21.36,55.77,75.2,83,40,10.22
33,Ilulissat,GL,69.22,-51.1,28.4,58,0,8.05
34,Port alfred,ZA,-33.59,26.89,61.0,85,44,3.0
35,Prince rupert,CA,54.32,-130.32,55.29,55,39,5.17
36,Jamestown,US,42.1,-79.24,48.2,39,1,11.41
37,Green river,US,41.53,-109.47,64.4,12,1,10.29
38,Clyde river,CA,70.47,-68.59,12.2,85,20,8.05
39,Mogadishu,SO,2.04,45.34,82.71,82,92,13.02
40,Caravelas,BR,-17.71,-39.25,72.75,75,25,4.54
41,Yellowknife,CA,62.46,-114.35,44.6,42,20,8.05
42,Torbay,CA,47.67,-52.73,43.0,100,90,18.34
43,Lebu,CL,-37.62,-73.65,56.01,69,0,18.41
44,Cayenne,GF,4.93,-52.33,82.4,83,75,4.7
45,Cabo san lucas,MX,22.89,-109.91,89.6,33,5,10.29
46,Nikolskoye,RU,59.7,30.79,51.8,50,49,5.32
47,Chokurdakh,RU,70.63,147.92,16.52,96,91,7.18
48,Mwinilunga,ZM,-11.74,24.43,60.35,77,12,4.83
49,East london,ZA,-33.02,27.91,64.54,68,88,12.77
50,Tiarei,PF,-17.53,-149.33,87.8,66,88,4.7
51,Saskylakh,RU,71.92,114.08,-2.83,91,58,7.76
52,Hilo,US,19.73,-155.09,80.6,54,90,10.29
53,Havre-saint-pierre,CA,50.23,-63.6,41.0,48,75,16.11
54,Forssa,FI,60.81,23.62,45.0,68,3,3.0
55,Richards bay,ZA,-28.78,32.04,65.62,83,19,8.41
56,New norfolk,AU,-42.78,147.06,55.99,82,100,3.85
57,Gorontalo,ID,0.54,123.06,77.09,89,28,1.88
58,Puerto escondido,MX,15.85,-97.07,86.0,66,75,8.86
59,Bathsheba,BB,13.22,-59.52,82.4,74,75,21.92
60,Barrow,US,71.29,-156.79,17.6,72,1,8.05
61,Spencer,US,43.14,-95.14,51.8,71,100,12.75
62,Airai,TL,-8.93,125.41,61.41,100,35,3.24
63,Jamame,SO,0.07,42.75,79.05,89,100,7.54
64,San ramon,US,37.78,-121.98,81.0,29,1,14.99
65,Rockland,US,41.17,-74.05,64.0,23,72,1.99
66,Zhezkazgan,KZ,47.8,67.71,44.6,52,90,15.66
67,Longyearbyen,SJ,78.22,15.64,30.2,68,75,26.4
68,Tiksi,RU,71.69,128.87,18.97,97,100,8.25
69,Punta arenas,CL,-53.15,-70.92,42.8,81,99,2.3
70,Hermanus,ZA,-34.42,19.23,60.01,90,80,7.25
71,Poum,NC,-20.23,164.02,70.5,87,100,21.18
72,Lompoc,US,34.64,-120.46,71.01,59,1,18.34
73,Fairbanks,US,64.84,-147.72,60.01,32,20,3.85
74,Carutapera,BR,-1.2,-46.02,77.79,93,100,8.03
75,Castro,BR,-24.79,-50.01,62.06,75,100,5.28
76,Zhicheng,CN,30.3,111.5,69.01,76,90,1.83
77,Tasiilaq,GL,65.61,-37.64,35.6,51,29,2.24
78,Beringovskiy,RU,63.05,179.32,25.05,90,0,2.59
79,Fatehpur,IN,25.93,80.8,78.31,49,0,6.51
80,Provideniya,RU,64.38,-173.3,32.0,76,68,4.47
81,Kodiak,US,57.79,-152.41,44.6,75,90,24.16
82,Keetmanshoop,NA,-26.58,18.13,71.46,21,0,8.81
83,Atuona,PF,-9.8,-139.03,80.96,75,35,18.3
84,Lorengau,PG,-2.02,147.27,81.88,80,100,3.8
85,Mount isa,AU,-20.73,139.5,66.2,45,0,11.41
86,Northam,GB,51.03,-4.22,53.01,79,99,1.99
87,Faanui,PF,-16.48,-151.75,81.91,77,42,9.6
88,Bukama,CD,-9.2,25.85,72.14,70,86,2.55
89,Thompson,CA,55.74,-97.86,37.4,51,5,9.17
90,Qaanaaq,GL,77.48,-69.36,16.57,86,98,4.85
91,Hithadhoo,MV,-0.6,73.08,83.82,73,100,9.06
92,Vieira de leiria,PT,39.87,-8.93,62.01,87,20,3.36
93,Katsuura,JP,35.13,140.3,64.0,78,100,5.99
94,Lagoa,PT,39.05,-27.98,60.28,73,90,15.43
95,Mount gambier,AU,-37.83,140.77,50.0,76,100,10.29
96,Fuyu,CN,45.18,124.82,50.31,49,0,2.95
97,Pingliang,CN,35.54,106.69,58.73,80,98,6.4
98,Broager,DK,54.89,9.68,46.4,87,28,3.36
99,Butaritari,KI,3.07,172.79,82.92,81,4,10.56
100,Rassvet,RU,46.83,40.75,56.71,89,56,4.72
101,Kungurtug,RU,50.6,97.52,30.63,93,83,3.44
102,Georgetown,MY,5.41,100.34,80.6,94,20,4.21
103,Bethel,US,41.37,-73.41,60.01,22,1,9.17
104,Kysyl-syr,RU,63.9,122.76,36.05,83,100,5.06
105,Brooks,CA,50.58,-111.89,57.0,43,39,1.99
106,Namibe,AO,-15.2,12.15,77.74,69,0,2.01
107,Constitucion,CL,-35.33,-72.42,60.26,55,0,12.5
108,Severo-kurilsk,RU,50.68,156.12,34.2,90,100,35.63
109,Homer,US,59.64,-151.55,50.0,57,1,9.17
110,Tanete,ID,-3.94,119.78,76.12,93,95,4.9
111,Upata,VE,8.01,-62.4,84.07,59,74,8.75
112,Kristiansund,NO,63.11,7.73,42.8,87,100,39.15
113,Dingle,PH,11.0,122.67,80.06,82,4,3.11
114,Loukhi,RU,66.08,33.04,33.48,93,12,5.7
115,San quintin,MX,30.48,-115.95,74.44,53,0,14.99
116,Vardo,NO,70.37,31.11,39.2,69,75,5.82
117,East stroudsburg,US,41.0,-75.18,59.0,20,97,3.04
118,Tamsweg,AT,47.13,13.81,46.0,92,97,1.99
119,Nishihara,JP,26.18,127.76,75.2,94,90,25.28
120,Kloulklubed,PW,7.04,134.26,78.8,88,75,6.93
121,Honiara,SB,-9.43,159.95,78.8,83,20,0.16
122,Arraial do cabo,BR,-22.97,-42.03,75.2,83,76,5.82
123,Abnub,EG,27.27,31.15,68.0,42,0,16.11
124,Lata,PT,40.16,-8.33,62.01,86,0,1.16
125,Maragogi,BR,-9.01,-35.22,79.18,83,15,9.31
126,Bukachacha,RU,52.98,116.92,43.65,56,100,1.83
127,Lalibela,ET,12.03,39.03,64.31,64,88,1.05
128,Severo-yeniseyskiy,RU,60.37,93.04,32.54,97,98,7.54
129,Faya,SA,18.39,42.45,66.2,88,8,1.41
130,Qinzhou,CN,21.95,108.62,78.1,84,84,9.04
131,Kigoma,TZ,-4.88,29.63,71.6,94,20,3.83
132,Jumla,NP,29.27,82.18,46.47,65,100,1.36
133,Sao miguel do araguaia,BR,-13.28,-50.16,76.44,77,56,3.02
134,Mahibadhoo,MV,3.78,72.97,83.44,81,96,13.27
135,Blagoyevo,RU,63.37,47.92,41.49,94,92,4.36
136,Tuxpan,MX,19.55,-103.4,84.2,45,40,11.41
137,Vestmannaeyjar,IS,63.44,-20.27,44.47,87,37,10.22
138,Pangnirtung,CA,66.15,-65.71,14.0,72,5,5.82
139,Thinadhoo,MV,0.53,72.93,84.2,76,90,13.51
140,Maloy,NO,61.94,5.11,45.0,87,100,20.8
141,Pangody,RU,65.85,74.49,33.48,98,100,5.32
142,Jiaocheng,CN,24.68,116.14,75.69,86,33,2.04
143,Pevek,RU,69.7,170.31,17.35,89,30,1.66
144,Kahului,US,20.89,-156.47,84.2,45,40,23.04
145,Nizhniy tsasuchey,RU,50.52,115.13,51.31,44,98,13.71
146,San patricio,MX,19.22,-104.7,82.4,74,20,11.41
147,Lokosovo,RU,61.13,74.82,43.86,90,98,5.55
148,Noumea,NC,-22.28,166.46,73.0,82,100,3.36
149,Ukhta,RU,63.57,53.68,43.79,95,98,2.68
150,San policarpo,PH,12.18,125.51,82.45,82,91,6.58
151,Karratha,AU,-20.74,116.85,68.22,65,74,6.17
152,Naifaru,MV,5.44,73.37,84.94,79,95,15.14
153,Victoria,HK,22.29,114.16,82.0,78,100,3.0
154,Solginskiy,RU,61.05,41.34,48.61,94,100,9.06
155,Banganapalle,IN,15.32,78.23,90.52,45,96,10.63
156,Mae sai,TH,20.43,99.88,75.2,94,20,1.12
157,Puerto baquerizo moreno,EC,-0.9,-89.6,84.2,79,75,8.05
158,Aklavik,CA,68.22,-135.01,33.8,86,90,3.36
159,Te anau,NZ,-45.42,167.72,45.57,79,56,0.27
160,Sarangani,PH,5.4,125.46,83.7,74,3,7.72
161,Nantucket,US,41.28,-70.1,53.6,50,1,10.29
162,Luderitz,NA,-26.65,15.16,74.57,26,0,9.8
163,Seymchan,RU,62.88,152.43,27.88,94,100,15.23
164,Yong peng,MY,2.01,103.07,75.99,94,99,1.54
165,Ugoofaaru,MV,5.67,73.0,85.08,80,98,15.19
166,Mayor pablo lagerenza,PY,-19.93,-60.77,81.43,60,99,1.41
167,Flin flon,CA,54.77,-101.86,48.2,26,20,5.82
168,Kidal,ML,18.44,1.41,84.79,25,3,1.61
169,Fairlie,GB,55.76,-4.86,46.99,83,8,1.86
170,Hualmay,PE,-11.1,-77.61,68.83,79,87,8.12
171,Nanortalik,GL,60.14,-45.24,41.61,76,99,14.47
172,Denpasar,ID,-8.65,115.22,78.8,100,40,2.24
173,Primorsk,UA,46.73,36.34,57.69,91,40,9.44
174,Mbaiki,CF,3.87,17.99,69.39,96,94,2.08
175,Bac giang,VN,21.27,106.2,78.8,88,82,5.82
176,Miechow,PL,50.36,20.03,42.01,76,12,8.05
177,Belyy yar,RU,53.6,91.39,41.0,60,100,6.71
178,Matara,LK,5.95,80.54,79.61,87,82,4.92
179,Qostanay,KZ,53.17,63.58,44.6,44,14,8.95
180,Kenai,US,60.55,-151.26,55.4,37,1,14.99
181,Corinth,GR,37.94,22.96,62.01,54,5,1.01
182,Bredasdorp,ZA,-34.53,20.04,59.0,87,65,82.77
183,Anisoc,GQ,1.87,10.77,71.76,95,7,1.34
184,Mangrol,IN,21.12,70.12,79.95,88,0,9.57
185,Okha,RU,53.57,142.95,32.0,96,62,9.89
186,Komsomolskiy,UZ,40.43,71.72,60.8,67,90,4.7
187,Chiang klang,TH,19.29,100.86,79.63,64,19,0.6
188,Uruzgan,AF,32.83,66.0,58.73,41,0,5.86
189,Mayo,US,38.89,-76.51,57.2,62,90,8.05
190,Cobourg,DE,50.27,10.97,41.0,72,4,3.22
191,Urdoma,RU,61.75,48.54,48.81,97,100,3.53
192,Filingue,NE,14.35,3.32,92.68,24,0,8.19
193,Cherskiy,RU,68.75,161.3,27.07,93,81,3.22
194,San jose,US,37.34,-121.89,78.01,41,20,17.22
195,Clifton,US,40.86,-74.16,64.4,18,1,6.93
196,Saint anthony,US,45.02,-93.22,61.0,21,1,5.82
197,Umm lajj,SA,25.02,37.27,79.36,45,0,13.09
198,Ponta do sol,PT,32.67,-17.1,66.2,77,40,2.24
199,Emba,KZ,48.83,58.14,52.05,50,87,9.37
200,Kaitangata,NZ,-46.28,169.85,54.0,68,93,14.0
201,Vanavara,RU,60.34,102.28,37.04,93,100,11.45
202,North bend,US,43.41,-124.22,62.01,93,90,9.17
203,Mikropolis,GR,41.19,23.82,54.0,81,73,1.01
204,Chapais,CA,49.78,-74.85,41.0,38,1,9.17
205,Polewali,ID,-3.43,119.34,78.4,82,99,3.15
206,Vila franca do campo,PT,37.72,-25.43,60.8,77,20,11.41
207,Mahebourg,MU,-20.41,57.7,73.4,94,75,3.36
208,Bairiki,KI,1.33,172.98,86.0,70,20,13.87
209,Tazovskiy,RU,67.47,78.7,25.21,99,100,7.63
210,Maniitsoq,GL,65.42,-52.9,31.59,93,99,14.09
211,Synya,RU,65.37,58.04,35.29,96,97,3.83
212,Port elizabeth,ZA,-33.92,25.57,62.6,77,9,8.05
213,Naze,JP,28.37,129.48,73.4,100,75,3.36
214,Paamiut,GL,61.99,-49.67,33.82,93,100,8.03
215,Vanimo,PG,-2.67,141.3,80.35,82,93,3.29
216,Alofi,NU,-19.06,-169.92,80.4,72,0,9.37
217,Kerema,PG,-7.96,145.78,77.65,86,100,5.19
218,Terney,RU,45.05,136.61,47.32,68,16,3.71
219,Avera,US,33.19,-82.53,86.0,42,1,8.05
220,Trairi,BR,-3.28,-39.27,80.26,82,98,10.69
221,Quimper,FR,48.0,-4.1,51.8,100,82,3.36
222,Krasnoselkup,RU,65.7,82.47,22.95,94,87,7.43
223,Tres arroyos,AR,-38.37,-60.28,49.86,75,48,9.95
224,Pleasanton,US,37.66,-121.87,78.01,36,59,1.99
225,San benito,GT,16.91,-89.91,97.27,34,91,5.5
226,Kalmunai,LK,7.42,81.82,80.69,85,83,6.38
227,Miri,MY,4.41,114.01,77.0,100,75,3.36
228,Lipari,IT,38.47,14.95,66.0,41,74,10.0
229,Vostok,RU,46.49,135.88,44.24,66,27,1.28
230,Broome,US,42.25,-75.83,53.01,29,1,6.93
231,Olafsvik,IS,64.89,-23.71,42.87,85,28,9.28
232,Sinjar,IQ,36.32,41.88,66.02,51,28,11.79
233,Brownwood,US,31.71,-98.99,80.6,22,1,16.11
234,Upernavik,GL,72.79,-56.15,23.65,89,74,5.75
235,Chuy,UY,-33.7,-53.46,57.22,69,71,16.73
236,Rawson,AR,-43.3,-65.1,52.86,57,0,5.14
237,Ileza,RU,61.05,43.9,50.61,99,99,5.21
238,Gondanglegi,ID,-7.75,112.01,75.52,90,0,6.17
239,Jalu,LY,29.03,21.55,64.69,47,0,9.91
240,Birjand,IR,32.87,59.22,55.4,28,0,4.7
241,Morant bay,JM,17.88,-76.41,84.2,74,20,20.8
242,Talara,PE,-4.58,-81.27,72.64,77,0,15.28
243,Harwich,GB,51.94,1.28,46.99,76,0,10.0
244,Enkoping,SE,59.64,17.08,46.99,80,99,2.39
245,Ouadda,CF,8.08,22.4,74.48,74,67,5.46
246,Hofn,IS,64.25,-15.21,48.38,51,0,13.0
247,Chimbote,PE,-9.09,-78.58,72.32,72,58,9.62
248,Maceio,BR,-9.67,-35.74,78.8,88,20,4.7
249,Husavik,IS,66.04,-17.34,46.4,49,0,23.04
250,Shumskiy,RU,54.83,99.13,37.74,75,98,8.63
251,Santa maria,BR,-29.68,-53.81,61.52,90,99,4.52
252,Lazaro cardenas,MX,17.96,-102.2,84.25,47,0,10.56
253,Dong hoi,VN,17.48,106.6,80.94,76,23,2.17
254,Leh,IN,34.17,77.58,36.3,71,81,3.67
255,Charters towers,AU,-20.1,146.27,63.28,77,0,14.32
256,Roma,US,43.21,-75.46,48.99,36,1,11.41
257,Norman wells,CA,65.28,-126.83,46.4,52,20,12.75
258,Brufut,GM,13.38,-16.75,73.4,88,0,9.17
259,Dikson,RU,73.51,80.55,7.45,92,100,9.82
260,Coihaique,CL,-45.58,-72.07,46.4,81,36,2.24
261,Gravdal,NO,68.12,13.5,39.2,76,75,12.75
262,Taitung,TW,22.76,121.14,81.91,57,7,4.16
263,Mananjary,MG,-21.22,48.33,70.97,94,61,7.2
264,Meulaboh,ID,4.14,96.13,77.43,86,100,2.66
265,Capreol,CA,46.71,-80.92,51.01,15,40,11.41
266,Sao joao da barra,BR,-21.64,-41.05,75.2,73,91,5.82
267,Kaeo,NZ,-35.1,173.78,55.99,59,0,10.0
268,West bay,KY,19.37,-81.42,87.8,66,20,8.05
269,Narsaq,GL,60.92,-46.05,44.6,70,100,4.7
270,Bambous virieux,MU,-20.34,57.76,73.4,94,75,3.36
271,Taksimo,RU,56.34,114.88,45.52,58,100,1.03
272,Kassala,SD,15.45,36.4,83.48,36,89,6.06
273,La paz,BO,-16.5,-68.15,59.0,28,75,12.75
274,Sendriceni,RO,47.95,26.3,46.99,87,62,16.11
275,Olinda,BR,-8.01,-34.86,84.2,74,40,9.17
276,Elko,US,41.0,-115.5,73.99,7,91,3.0
277,Camana,PE,-16.62,-72.71,67.78,76,100,7.74
278,Horsham,GB,51.06,-0.33,45.0,87,1,10.29
279,Brae,GB,60.4,-1.35,48.2,70,86,14.99
280,Tuatapere,NZ,-46.13,167.68,47.61,85,92,4.85
281,Buala,SB,-8.14,159.59,84.42,64,64,1.41
282,Esperance,AU,-33.87,121.9,57.2,58,75,31.09
283,Andros town,BS,24.7,-77.77,82.4,58,20,9.17
284,Les ponts-de-ce,FR,47.42,-0.52,57.0,93,0,4.7
285,Bulgan,MN,48.81,103.53,46.63,75,76,6.11
286,Lasa,IT,46.62,10.7,46.4,100,75,6.93
287,Labelle,US,26.76,-81.44,90.0,46,1,10.29
288,Kirakira,SB,-10.45,161.92,84.09,67,39,1.95
289,Mandalgovi,MN,45.76,106.27,57.81,29,100,10.85
290,Cidreira,BR,-30.18,-50.21,66.69,86,94,7.49
291,Port macquarie,AU,-31.43,152.92,59.0,90,47,4.34
292,Camacha,PT,33.08,-16.33,64.4,77,20,3.36
293,Barcelos,PT,41.54,-8.62,62.6,88,40,9.17
294,Chirongui,YT,-12.93,45.15,82.4,78,75,12.75
295,Port hardy,CA,50.7,-127.42,57.2,62,75,13.87
296,Port blair,IN,11.67,92.75,83.32,74,61,2.75
297,Deseronto,CA,44.2,-77.05,51.01,48,100,7.0
298,Le port,RE,-20.94,55.29,75.2,78,40,10.29
299,Kilinochchi,LK,9.4,80.4,79.88,84,88,3.36
300,Isangel,VU,-19.55,169.27,73.4,94,90,13.15
301,Verkhoyansk,RU,67.54,133.38,27.14,93,100,2.59
302,Buba,GW,11.58,-15.0,75.65,84,0,5.75
303,Matamoros,MX,25.53,-103.25,100.4,12,40,5.84
304,Magadan,RU,59.57,150.8,33.94,81,100,13.49
305,Sahuaripa,MX,29.05,-109.23,106.14,7,0,9.33
306,Bonfim,BR,3.08,-59.95,79.23,82,99,2.28
307,Dasoguz,TM,41.84,59.97,62.6,67,55,6.93
308,Aanekoski,FI,62.69,25.82,37.99,75,8,3.36
309,Havelock,US,34.88,-76.9,68.0,68,75,10.29
310,Kupang,ID,-10.17,123.58,75.2,100,20,2.24
311,Ust-nera,RU,64.57,143.2,23.25,91,92,3.53
312,Leningradskiy,RU,69.38,178.42,19.89,92,1,7.76
313,Bubaque,GW,11.28,-15.83,79.45,79,0,17.72
314,Oranjemund,NA,-28.55,16.43,62.22,57,0,6.35
315,Bermeo,ES,43.42,-2.72,63.0,82,0,2.24
316,Merrill,US,45.18,-89.68,55.4,28,1,10.29
317,Salalah,OM,17.02,54.09,84.2,79,75,5.82
318,Tura,IN,25.52,90.22,70.9,88,47,3.04
319,Panama city,PA,8.99,-79.52,87.8,79,40,13.87
320,Bengkulu,ID,-3.8,102.27,76.64,87,99,4.43
321,Shrirangapattana,IN,12.41,76.7,76.73,72,81,5.68
322,High prairie,CA,55.43,-116.49,64.78,29,100,11.99
323,Kristinehamn,SE,59.31,14.11,46.99,67,97,4.7
324,Batagay-alyta,RU,67.8,130.41,23.58,94,100,1.77
325,Saint george,US,37.1,-113.58,87.8,7,1,1.12
326,Arawa,PG,-6.21,155.54,83.64,60,28,0.69
327,Sokoni,TZ,-6.43,39.55,77.0,94,75,8.05
328,Cockburn town,TC,21.46,-71.14,79.57,82,0,14.43
329,Goderich,CA,43.75,-81.72,51.01,69,100,18.61
330,Edd,ER,13.93,41.69,91.53,48,98,17.56
331,Yelizovo,RU,53.19,158.38,33.8,100,75,2.24
332,Saint-michel-des-saints,CA,46.68,-73.92,52.0,4,99,1.01
333,Ban nahin,LA,18.24,104.21,82.18,54,11,1.81
334,Manokwari,ID,-0.87,134.08,80.85,76,73,3.38
335,Geraldton,AU,-28.77,114.6,62.6,67,75,14.99
336,Kruisfontein,ZA,-34.0,24.73,56.32,76,14,6.11
337,Ust-kulom,RU,61.69,53.69,47.7,98,100,0.83
338,Kununurra,AU,-15.77,128.73,55.4,82,54,6.69
339,Roald,NO,62.58,6.13,46.99,87,100,23.04
340,Kupino,RU,54.37,77.3,43.12,65,65,8.37
341,Adrar,MR,20.5,-10.07,93.11,10,0,6.17
342,Pucallpa,PE,-8.38,-74.55,89.6,55,40,6.93
343,Qaqortoq,GL,60.72,-46.03,44.6,70,100,4.7
344,Sampit,ID,-2.53,112.95,75.52,97,91,1.59
345,Basoko,CD,1.24,23.62,74.52,92,100,1.59
346,Garden city,US,42.33,-83.33,53.6,27,90,10.29
347,Alice springs,AU,-23.7,133.88,41.0,38,0,4.7
348,Morro bay,US,35.37,-120.85,86.0,48,2,5.01
349,Melhus,NO,63.29,10.28,45.0,81,99,5.99
350,Siocon,PH,7.71,122.14,79.86,80,70,3.0
351,Northport,US,33.23,-87.58,75.99,85,98,1.99
352,Springfield,US,37.22,-93.3,69.8,32,1,20.8
353,Klaksvik,FO,62.23,-6.59,44.6,81,89,17.22
354,Kapit,MY,2.02,112.93,75.15,94,98,0.58
355,Pacific grove,US,36.62,-121.92,69.01,63,1,11.41
356,Beloha,MG,-25.17,45.05,63.18,88,65,5.88
357,Bakchar,RU,57.02,82.07,39.6,76,100,5.44
358,Kita,ML,13.03,-9.49,93.33,30,59,2.93
359,Huarmey,PE,-10.07,-78.15,71.76,73,49,10.54
360,Cairns,AU,-16.92,145.77,69.8,88,75,14.99
361,Havoysund,NO,71.0,24.66,39.2,76,40,20.8
362,Balkhash,KZ,46.84,74.98,49.01,50,0,20.62
363,La ronge,CA,55.1,-105.28,55.4,32,5,9.17
364,Mongagua,BR,-24.09,-46.62,77.0,33,90,5.82
365,Madhupur,IN,24.25,86.65,81.23,61,0,4.0
366,The valley,AI,18.22,-63.06,84.2,70,20,11.41
367,Svatove,UA,49.41,38.15,58.78,87,99,4.97
368,Kavaratti,IN,10.57,72.64,84.51,81,100,13.89
369,Saint-pierre,RE,-21.34,55.48,73.4,83,43,4.94
370,Vila,PT,42.03,-8.16,61.0,87,75,6.93
371,Saiha,IN,22.48,92.97,66.74,88,0,2.77
372,Xuanhua,CN,40.61,115.04,61.52,49,80,5.73
373,Manggar,ID,-2.88,108.27,81.97,81,4,5.5
374,Taraz,KZ,42.9,71.37,50.0,66,90,4.47
375,Swan hill,AU,-35.34,143.55,51.26,77,22,6.49
376,Jamkhandi,IN,16.52,75.3,80.11,65,64,8.23
377,Katangli,RU,51.71,143.23,35.78,82,48,11.72
378,Gat,IL,31.61,34.76,62.01,78,2,1.01
379,Fuxin,CN,42.02,121.66,54.14,44,0,7.0
380,Sao jose do rio preto,BR,-20.82,-49.38,72.03,68,100,3.91
381,Jiayuguan,CN,39.82,98.3,50.27,77,100,6.64
382,Jieshi,CN,22.81,115.83,77.86,88,95,9.46
383,Pisco,PE,-13.7,-76.22,69.8,73,75,16.11
384,Great falls,US,47.5,-111.3,64.0,21,1,6.93
385,Brighton,GB,50.83,-0.14,45.0,84,35,1.99
386,Pirajui,BR,-22.0,-49.46,72.0,51,63,1.99
387,College,US,64.86,-147.8,59.0,33,20,5.82
388,Manaure,CO,11.78,-72.44,89.06,56,99,13.27
389,Watertown,US,42.37,-71.18,60.01,30,75,16.11
390,Ormara,PK,25.21,64.64,84.25,58,0,8.68
391,Sucre,BO,-19.03,-65.26,61.09,65,97,8.23
392,Zelenoborskiy,RU,66.84,32.36,33.1,92,42,7.25
393,Oktyabrskoye,RU,43.06,44.74,51.8,100,100,8.95
394,Kiama,AU,-34.68,150.87,62.01,72,31,6.38
395,Turukhansk,RU,65.82,87.98,28.02,95,100,4.83
396,Koumac,NC,-20.57,164.28,68.56,86,100,11.72
397,Cabedelo,BR,-6.98,-34.83,80.6,88,20,8.05
398,Comodoro rivadavia,AR,-45.87,-67.5,51.8,71,0,2.24
399,Shimoda,JP,34.67,138.95,66.2,77,75,9.17
400,Ruteng,ID,-8.61,120.47,62.53,100,47,1.61
401,Yar-sale,RU,66.83,70.83,32.41,97,92,11.34
402,Port moresby,PG,-9.44,147.18,78.8,83,40,11.41
403,Milos,GR,36.75,24.43,55.4,71,0,5.82
404,Kidero,RU,42.19,45.96,41.81,85,100,3.53
405,Kindia,GN,10.06,-12.87,78.67,81,94,2.68
406,Koulikoro,ML,14.0,-7.75,93.65,20,65,7.49
407,Asfi,MA,32.3,-9.24,65.68,77,17,15.48
408,Marzuq,YE,14.4,46.47,76.1,66,40,6.46
409,Bonthe,SL,7.53,-12.51,81.28,85,100,3.51
410,Labuhan,ID,-6.88,112.21,78.03,88,0,6.55
411,Hamilton,US,39.18,-84.53,52.0,57,90,6.93
412,Razole,IN,16.48,81.83,81.19,91,8,3.65
413,Samana,DO,19.21,-69.34,77.0,94,90,4.7
414,Ust-omchug,RU,61.15,149.63,23.43,93,98,13.06
415,Buchanan,LR,5.88,-10.05,80.6,94,40,4.72
416,Lagunas,PE,-5.23,-75.68,85.86,70,90,2.19
417,Thap than,TH,15.46,99.89,84.52,61,57,6.87
418,Jiuquan,CN,39.74,98.52,52.02,76,100,8.77
419,Yenotayevka,RU,47.25,47.03,62.22,73,36,9.04
420,Sosua,DO,19.77,-70.52,84.2,70,40,11.41
421,Champerico,GT,14.3,-91.92,75.2,94,90,6.93
422,Khash,IR,28.22,61.22,71.33,22,20,2.06
423,Dhidhdhoo,MV,6.88,73.1,85.53,80,72,11.59
424,Shiringushi,RU,53.85,42.77,58.77,70,95,12.03
425,Joshimath,IN,30.57,79.57,48.88,50,87,4.5
426,Taybad,IR,34.74,60.78,71.51,30,0,7.49
427,Ilhabela,BR,-23.78,-45.36,71.51,73,76,3.87
428,Monforte de lemos,ES,42.52,-7.51,50.0,81,40,2.59
429,Juneau,US,58.3,-134.42,53.6,50,90,16.11
430,Nanga eboko,CM,4.68,12.37,71.85,87,4,0.98
431,Miles city,US,46.41,-105.84,57.2,44,75,19.46
432,Seoul,KR,37.57,126.98,50.0,87,1,2.8
433,San antonio,US,29.42,-98.49,87.8,51,20,14.99
434,Mpanda,TZ,-6.37,31.04,65.25,93,0,0.87
435,Mildura,AU,-34.2,142.15,48.99,100,79,4.7
436,Omsukchan,RU,62.53,155.8,23.13,94,100,13.35
437,Talcahuano,CL,-36.72,-73.12,60.8,77,1,8.05
438,Erenhot,CN,43.65,111.98,62.29,28,100,11.48
439,Manacapuru,BR,-3.3,-60.62,77.0,94,75,3.71
440,Yorkton,CA,51.22,-102.47,62.6,25,20,6.93
441,Murray bridge,AU,-35.12,139.27,57.0,53,100,10.2
442,Arlit,NE,18.74,7.39,87.08,12,0,13.6
443,Elizabeth city,US,36.29,-76.25,57.99,67,90,6.93
444,Ancud,CL,-41.87,-73.82,51.01,93,43,1.12
445,Vila velha,BR,-20.33,-40.29,75.2,83,10,11.41
446,Sagua la grande,CU,22.81,-80.08,87.8,52,20,16.11
447,Hami,CN,42.8,93.45,62.24,36,100,28.34
448,Sicuani,PE,-14.27,-71.23,58.23,47,23,4.52
449,Guerrero negro,MX,27.98,-114.06,79.32,42,0,15.86
450,Yulara,AU,-25.24,130.99,44.6,39,1,5.82
451,Ikongo,MG,-21.88,47.43,67.41,89,77,1.57
452,Ballina,AU,-28.87,153.57,62.6,93,90,11.41
453,Kardla,EE,59.0,22.75,44.91,74,0,7.81
454,Manali,IN,13.17,80.27,84.99,83,20,3.36
455,Cukai,MY,4.25,103.42,77.0,100,85,1.12
456,Chapadinha,BR,-3.74,-43.36,75.36,96,85,3.38
457,Halifax,CA,44.65,-63.57,39.0,71,98,4.0
458,Carson city,US,39.16,-119.77,77.0,6,1,17.22
459,Ahipara,NZ,-35.17,173.17,58.98,60,1,16.4
460,Kolda,SN,12.88,-14.95,93.2,46,0,11.41
461,Talaya,RU,61.38,152.75,25.45,94,100,17.96
462,Wanaka,NZ,-44.7,169.15,47.23,60,15,2.01
463,Trat,TH,12.5,102.5,78.55,91,3,1.32
464,Jinchang,CN,38.5,102.17,55.85,62,89,22.5
465,Nijar,ES,36.97,-2.21,64.4,88,12,5.82
466,Komsomolets,KZ,53.75,62.07,55.44,48,0,10.71
467,Voh,NC,-20.97,164.7,67.1,88,100,1.79
468,Dunmore town,BS,25.5,-76.65,77.32,64,0,4.76
469,Fort nelson,CA,58.81,-122.7,50.0,61,75,2.24
470,Manono,CD,-7.3,27.42,70.07,87,34,3.27
471,Fiumicino,IT,41.77,12.23,64.99,87,97,3.36
472,Garowe,SO,8.41,48.48,79.12,70,60,12.46
473,Sola,VU,-13.88,167.55,82.4,88,40,11.21
474,Ternate,ID,0.8,127.4,82.53,77,22,3.78
475,Harur,IN,12.07,78.5,78.96,70,75,1.79
476,Touros,BR,-5.2,-35.46,78.8,94,40,3.36
477,Flinders,AU,-34.58,150.86,62.01,91,28,3.0
478,Yairipok,IN,24.67,94.07,64.22,88,16,1.28
479,Sao felix do xingu,BR,-6.64,-51.99,77.59,85,99,2.53
480,Omboue,GA,-1.57,9.26,78.48,90,35,4.41
481,Kutum,SD,14.2,24.67,76.1,17,23,10.6
482,Samarai,PG,-10.62,150.67,80.17,78,100,15.97
483,Grand-santi,GF,4.25,-54.38,76.08,96,99,3.24
484,Yakeshi,CN,49.28,120.73,46.42,54,32,2.95
485,Kontagora,NG,10.4,5.47,86.97,42,15,3.62
486,Scottsbluff,US,41.87,-103.67,66.2,28,40,6.93
487,Mahon,ES,39.89,4.27,64.4,100,100,3.36
